num_cores	int32_t num_cores(void) { return EM_ASM_INT(return (navigator.hardwareConcurrency || 1) | 0); }
os_is_linux	bool os_is_linux(void) { return EM_ASM_INT(return /linux/i.test(navigator.platform || '') ? 1 : 0); }
os_is_windows	bool os_is_windows(void) { return EM_ASM_INT(return /win/i.test(navigator.platform || '') ? 1 : 0); }
os_is_macos	bool os_is_macos(void) { return EM_ASM_INT(return /mac/i.test(navigator.platform || '') ? 1 : 0); }
has_sse4	bool has_sse4(void) { return 0; }
has_avx	bool has_avx(void) { return 0; }
has_avx2	bool has_avx2(void) { return 0; }
has_avx512f	bool has_avx512f(void) { return 0; }
has_avx512_vnni	bool has_avx512_vnni(void) { return 0; }
has_neon	bool has_neon(void) { return 0; }
is_apple_m1	bool is_apple_m1(void) { return 0; }
has_intel_amx	bool has_intel_amx(void) { return 0; }
current_cpu	char* current_cpu(void) { return "web browser"; }
current_arch	char* current_arch(void) { return "wasm32"; }
_cpu_features_string	char* _cpu_features_string(void) { return "n/a (browser)"; }
print_kv_str	void print_kv_str(char* label, char* val) { printf("%s %s\n", label, val); }
print_kv_i32	void print_kv_i32(char* label, int32_t val) { printf("%s %d\n", label, val); }
flow_gpu_available	int32_t flow_gpu_available(void) { return 1; }
flow_gpu_backend_name	char* flow_gpu_backend_name(void) { return "cpu-emulated (wasm)"; }
flow_gpu_alloc	void* flow_gpu_alloc(int64_t size, int32_t flags) { (void)flags; return malloc((size_t)size); }
flow_gpu_free	void flow_gpu_free(void* buf) { free(buf); }
flow_gpu_host_ptr	void* flow_gpu_host_ptr(void* buf) { return buf; }
flow_gpu_mul_f32	int32_t flow_gpu_mul_f32(void* out, void* a, void* b, int64_t n) { float* o = (float*)out; const float* x = (const float*)a; const float* y = (const float*)b; for (int64_t i = 0; i < n; i++) o[i] = x[i] * y[i]; return 0; }
